"","Country","Year","Suicide.rate.M","Homeless.ND","Homicide.rate","Prison.popn","Refugees","Suicide.rate.F"
"1","Afghanistan","2000",14.3,0.345,NA,NA,NA,1.7
"2","Afghanistan","2010",12.5,0.464,3.4,63,63,2.1
"3","Afghanistan","2015",10.9,0.49,10,NA,NA,2.1
"4","Afghanistan","2016",10.6,0.491,6.6,NA,NA,2.1
"5","Albania","2000",8.2,0.667,4.2,NA,NA,3.6
"6","Albania","2010",9.5,0.74,4.3,158,158,6
"7","Albania","2015",6.7,0.788,2.8,205,205,4
"8","Albania","2016",7,0.788,3.4,206,206,4.3
"9","Algeria","2000",6.7,0.646,NA,NA,NA,2.8
"10","Algeria","2010",5.1,0.73,0.7,136,136,1.9
"11","Algeria","2015",5,0.751,1.4,156,156,1.8
"12","Algeria","2016",4.9,0.755,NA,NA,NA,1.8
"13","Andorra","2000",NA,0.759,NA,NA,NA,NA
"14","Andorra","2010",NA,0.828,0,52,52,NA
"15","Andorra","2015",NA,0.85,0,53,53,NA
"16","Andorra","2016",NA,0.854,NA,60,60,NA
"17","Angola","2000",21.9,0.394,NA,NA,NA,7.2
"18","Angola","2010",16.7,0.51,NA,NA,NA,5.1
"19","Angola","2015",14.8,0.565,NA,87,87,4.7
"20","Angola","2016",14,0.57,NA,83,83,4.6
"21","Antigua and Barbuda","2000",4.3,NA,6,NA,NA,0.1
"22","Antigua and Barbuda","2010",0.5,0.772,6.3,312,312,0
"23","Antigua and Barbuda","2015",0,0.77,NA,NA,NA,1.6
"24","Antigua and Barbuda","2016",0,0.772,NA,367,367,0.9
"25","Argentina","2000",16.2,0.77,NA,NA,NA,3.6
"26","Argentina","2010",14.4,0.818,NA,144,144,3.2
"27","Argentina","2015",14.4,0.828,6.5,167,167,3.4
"28","Argentina","2016",15,0.828,6,174,174,3.5
"29","Armenia","2000",5.7,0.649,3,NA,NA,1.2
"30","Armenia","2010",9.7,0.729,1.9,179,179,1.9
"31","Armenia","2015",10.7,0.748,2.6,133,133,2.2
"32","Armenia","2016",10.1,0.751,3,131,131,2
"33","Australia","2000",19.2,0.898,1.9,NA,NA,5.4
"34","Australia","2010",16.8,0.926,1,134,134,5.3
"35","Australia","2015",18.3,0.933,1,152,152,6.2
"36","Australia","2016",17.4,0.935,0.9,161,161,6
"37","Austria","2000",25.2,0.838,1,NA,NA,7.9
"38","Austria","2010",19.5,0.895,0.7,105,105,5.4
"39","Austria","2015",18.2,0.906,0.5,NA,NA,5.3
"40","Austria","2016",17.5,0.909,0.7,99,99,5.7
"41","Azerbaijan","2000",4.1,0.641,2.8,NA,NA,1
"42","Azerbaijan","2010",5.1,0.732,2.3,243,243,1.2
"43","Azerbaijan","2015",4.4,0.749,2.3,NA,NA,1
"44","Azerbaijan","2016",4.3,0.749,2.1,240,240,1
"45","Bahamas","2000",3.7,0.787,24.8,NA,NA,0.7
"46","Bahamas","2010",3.3,0.795,26.1,354,354,0.6
"47","Bahamas","2015",2.9,0.799,37.7,NA,NA,0.5
"48","Bahamas","2016",2.8,0.8,28.4,447,447,0.5
"49","Bahrain","2000",10,0.792,NA,NA,NA,3.5
"50","Bahrain","2010",7.1,0.796,0.9,89,89,2.6
"51","Bahrain","2015",7.9,0.834,NA,277,277,2.2
"52","Bahrain","2016",7.9,0.839,NA,NA,NA,2.1
"53","Bangladesh","2000",6.2,0.47,2.5,NA,NA,7.9
"54","Bangladesh","2010",4.9,0.549,2.6,46,46,8.4
"55","Bangladesh","2015",5.5,0.588,2.5,44,44,7.2
"56","Bangladesh","2016",5.5,0.599,2.2,45,45,6.7
"57","Barbados","2000",3.7,0.771,7.4,NA,NA,0.5
"58","Barbados","2010",2.6,0.799,11.1,326,326,0.6
"59","Barbados","2015",0.7,0.812,10.9,336,336,0.3
"60","Barbados","2016",0.8,0.814,7.7,NA,NA,0.3
"61","Belarus","2000",70.4,0.682,10.2,NA,NA,11
"62","Belarus","2010",58.1,0.792,4.2,418,418,9.6
"63","Belarus","2015",39.2,0.811,NA,NA,NA,6.1
"64","Belarus","2016",39.3,0.812,NA,NA,NA,6.2
"65","Belgium","2000",27.3,0.873,2.1,NA,NA,10.6
"66","Belgium","2010",24,0.903,1.7,97,97,9.8
"67","Belgium","2015",21.6,0.913,2,97,97,8.9
"68","Belgium","2016",22.2,0.915,1.5,98,98,9.4
"69","Belize","2000",12.5,0.643,16.6,NA,NA,2.4
"70","Belize","2010",10.6,0.693,40.1,722,722,2.3
"71","Belize","2015",10.1,0.715,33.1,401,401,2.1
"72","Belize","2016",9.9,0.722,37.6,517,517,2
"73","Benin","2000",22.2,0.398,NA,NA,NA,9.9
"74","Benin","2010",22.1,0.473,NA,75,75,9.8
"75","Benin","2015",22.5,0.51,NA,NA,NA,9.6
"76","Benin","2016",22.6,0.512,NA,NA,NA,9.6
"77","Bhutan","2000",19.8,NA,3.1,NA,NA,12.6
"78","Bhutan","2010",14.4,0.571,2.2,NA,NA,9.5
"79","Bhutan","2015",14.1,0.606,1.5,NA,NA,9.2
"80","Bhutan","2016",13.8,0.61,1.1,NA,NA,8.9
"81","Bolivia (Plurinational State of)","2000",23.2,0.616,NA,NA,NA,13.8
"82","Bolivia (Plurinational State of)","2010",19.4,0.656,12.8,90,90,11
"83","Bolivia (Plurinational State of)","2015",17.1,0.685,6.3,127,127,9.2
"84","Bolivia (Plurinational State of)","2016",16.9,0.692,6.3,147,147,8.9
"85","Bosnia and Herzegovina","2000",16.2,0.669,2.6,NA,NA,3.8
"86","Bosnia and Herzegovina","2010",10.5,0.714,1.5,74,74,2.4
"87","Bosnia and Herzegovina","2015",11,0.755,1.6,77,77,2.6
"88","Bosnia and Herzegovina","2016",10.6,0.765,1.3,80,80,2.5
"89","Botswana","2000",25.9,0.578,NA,NA,NA,5.9
"90","Botswana","2010",21.8,0.66,15,348,348,6.8
"91","Botswana","2015",19,0.714,NA,179,179,5.9
"92","Botswana","2016",18.3,0.719,NA,194,194,5.7
"93","Brazil","2000",8.9,0.684,23.7,NA,NA,2.2
"94","Brazil","2010",9,0.726,22,261,261,2.8
"95","Brazil","2015",9.7,0.755,28.4,339,339,2.9
"96","Brazil","2016",9.7,0.757,29.7,350,350,2.8
"97","Brunei Darussalam","2000",5.1,0.805,1.2,NA,NA,2.2
"98","Brunei Darussalam","2010",5.6,0.832,0.3,98,98,2.3
"99","Brunei Darussalam","2015",6.1,0.843,NA,135,135,2.8
"100","Brunei Darussalam","2016",6.2,0.844,NA,NA,NA,2.8
"101","Bulgaria","2000",22.1,0.712,4.2,NA,NA,7.2
"102","Bulgaria","2010",14,0.779,2,127,127,3.7
"103","Bulgaria","2015",13.1,0.807,1.8,103,103,3.2
"104","Bulgaria","2016",13.1,0.812,1.1,103,103,3.2
"105","Burkina Faso","2000",24.9,0.286,NA,NA,NA,8.5
"106","Burkina Faso","2010",22.6,0.375,0.8,33,33,8.4
"107","Burkina Faso","2015",22.5,0.413,0.6,42,42,9
"108","Burkina Faso","2016",22.4,0.42,1.1,41,41,9.1
"109","Burundi","2000",18.5,0.293,NA,NA,NA,8.5
"110","Burundi","2010",22.4,0.402,4,112,112,8.3
"111","Burundi","2015",22.7,0.427,4.5,90,90,7.7
"112","Burundi","2016",23.1,0.427,6,96,96,7.7
"113","Cabo Verde","2000",24.1,0.564,NA,NA,NA,8.9
"114","Cabo Verde","2010",24.3,0.626,7.8,NA,NA,8.8
"115","Cabo Verde","2015",23.8,0.643,8.6,NA,NA,7.7
"116","Cabo Verde","2016",24.1,0.645,11.5,291,291,7.7
"117","Cambodia","2000",10.6,0.419,4.7,NA,NA,4.5
"118","Cambodia","2010",9.4,0.535,2.3,98,98,3.6
"119","Cambodia","2015",9,0.566,NA,NA,NA,3.2
"120","Cambodia","2016",9,0.572,NA,140,140,3.2
"121","Cameroon","2000",28.4,0.439,3,NA,NA,14.6
"122","Cameroon","2010",25.9,0.471,5,119,119,11.9
"123","Cameroon","2015",27.2,0.548,1.2,123,123,12.4
"124","Cameroon","2016",26.9,0.556,1.2,125,125,12.5
"125","Canada","2000",17.8,0.868,1.8,NA,NA,5.4
"126","Canada","2010",16.3,0.895,1.6,116,116,5.9
"127","Canada","2015",15.3,0.917,1.7,114,114,5.8
"128","Canada","2016",15.1,0.92,1.7,113,113,5.8
"129","Central African Republic","2000",19.3,0.307,NA,NA,NA,7
"130","Central African Republic","2010",20.9,0.355,NA,NA,NA,7.3
"131","Central African Republic","2015",18.7,0.362,NA,17,17,6.4
"132","Central African Republic","2016",18,0.372,19.8,NA,NA,6
"133","Chad","2000",15.3,0.298,NA,NA,NA,14.5
"134","Chad","2010",16.4,0.374,NA,40,40,15.9
"135","Chad","2015",17.1,0.403,NA,57,57,14.2
"136","Chad","2016",17.1,0.398,NA,NA,NA,13.8
"137","Chile","2000",19.8,0.753,NA,NA,NA,3.1
"138","Chile","2010",19.1,0.8,3.2,354,354,4.5
"139","Chile","2015",16.3,0.839,3.4,269,269,4.1
"140","Chile","2016",16,0.843,3.4,273,273,3.8
"141","China","2000",12.7,0.591,2.1,NA,NA,15.6
"142","China","2010",9,0.702,1,121,121,11
"143","China","2015",7.9,0.742,0.7,115,115,8.5
"144","China","2016",7.9,0.749,0.6,111,111,8.3
"145","Colombia","2000",13,0.662,65.7,NA,NA,3.4
"146","Colombia","2010",12,0.729,33.7,184,184,2.6
"147","Colombia","2015",13.3,0.753,26.5,250,250,3.3
"148","Colombia","2016",11.5,0.759,25.5,244,244,2.8
"149","Comoros","2000",13.6,0.457,NA,NA,NA,4.6
"150","Comoros","2010",17.5,0.513,NA,NA,NA,5.3
"151","Comoros","2015",17.6,0.535,NA,19,19,5.4
"152","Comoros","2016",17.6,0.537,NA,NA,NA,5.4
"153","Congo","2000",20.9,0.495,NA,NA,NA,8.7
"154","Congo","2010",16.1,0.557,NA,NA,NA,6.5
"155","Congo","2015",14.2,0.614,NA,NA,NA,5.3
"156","Congo","2016",13.9,0.613,NA,NA,NA,5
"157","Congo (Democratic Republic of the)","2000",16.7,0.333,NA,NA,NA,6.1
"158","Congo (Democratic Republic of the)","2010",14.7,0.416,NA,34,34,4.8
"159","Congo (Democratic Republic of the)","2015",14.8,0.445,NA,27,27,4.8
"160","Congo (Democratic Republic of the)","2016",15,0.453,NA,NA,NA,4.9
"161","Costa Rica","2000",13.9,0.711,6.3,NA,NA,1.8
"162","Costa Rica","2010",14.5,0.754,11.6,232,232,2.4
"163","Costa Rica","2015",12.8,0.786,11.6,291,291,2.3
"164","Costa Rica","2016",12.8,0.789,11.9,275,275,2.3
"165","C么te d'Ivoire","2000",23.1,0.407,NA,NA,NA,9.1
"166","C么te d'Ivoire","2010",29.1,0.454,NA,NA,NA,11.4
"167","C么te d'Ivoire","2015",31.9,0.494,NA,53,53,12.9
"168","C么te d'Ivoire","2016",32,0.508,NA,47,47,13
"169","Croatia","2000",28.1,0.749,2.3,NA,NA,7.1
"170","Croatia","2010",21.5,0.811,1.4,119,119,6
"171","Croatia","2015",19.7,0.83,0.9,79,79,5.9
"172","Croatia","2016",18.8,0.832,1,74,74,5.1
"173","Cuba","2000",22.9,0.686,5.3,NA,NA,9.1
"174","Cuba","2010",18.3,0.776,4.5,NA,NA,4.8
"175","Cuba","2015",16.3,0.768,5.4,NA,NA,4
"176","Cuba","2016",16.4,0.771,5,NA,NA,4.1
"177","Cyprus","2000",2.7,0.799,0.8,NA,NA,1.5
"178","Cyprus","2010",7.7,0.85,0.7,57,57,2.3
"179","Cyprus","2015",6.4,0.864,1.3,47,47,2.2
"180","Cyprus","2016",7.2,0.869,1.1,50,50,1.9
"181","Czechia","2000",23.8,0.796,1.9,NA,NA,5.3
"182","Czechia","2010",21.1,0.862,1,208,208,4
"183","Czechia","2015",17.7,0.882,0.8,197,197,4
"184","Czechia","2016",17.2,0.885,0.6,212,212,4.2
"185","Denmark","2000",19.1,0.863,1.1,NA,NA,6.5
"186","Denmark","2010",13.2,0.91,0.8,71,71,5.5
"187","Denmark","2015",11.9,0.926,1.1,56,56,5.4
"188","Denmark","2016",13.2,0.928,1,60,60,5.2
"189","Djibouti","2000",11.3,0.361,NA,NA,NA,6.1
"190","Djibouti","2010",9.9,0.446,NA,NA,NA,4.7
"191","Djibouti","2015",11.6,0.482,NA,65,65,5.1
"192","Djibouti","2016",11.9,0.489,NA,64,64,5.3
"193","Dominica","2000",NA,0.694,2.9,NA,NA,NA
"194","Dominica","2010",NA,0.733,21,413,413,NA
"195","Dominica","2015",NA,0.729,12.3,299,299,NA
"196","Dominica","2016",NA,0.729,21.8,287,287,NA
"197","Dominican Republic","2000",18.1,0.653,14.1,NA,NA,3.8
"198","Dominican Republic","2010",14.9,0.701,25,210,210,3.2
"199","Dominican Republic","2015",17.5,0.733,NA,234,234,3.2
"200","Dominican Republic","2016",17.9,0.738,15.2,157,157,3.2
"201","Ecuador","2000",9.1,0.669,14.5,NA,NA,3.7
"202","Ecuador","2010",12.8,0.716,17.6,79,79,4.7
"203","Ecuador","2015",14.8,0.758,6.5,NA,NA,4.9
"204","Ecuador","2016",10.7,0.756,5.9,212,212,3.8
"205","Egypt","2000",6.3,0.611,NA,NA,NA,1.5
"206","Egypt","2010",6.5,0.666,2.2,NA,NA,1.6
"207","Egypt","2015",6.8,0.69,NA,NA,NA,1.7
"208","Egypt","2016",7.2,0.695,NA,111,111,1.7
"209","El Salvador","2000",24.4,0.608,60.5,NA,NA,6.6
"210","El Salvador","2010",20.2,0.659,64.7,400,400,4.1
"211","El Salvador","2015",25.3,0.66,105.4,517,517,4.4
"212","El Salvador","2016",24.8,0.662,83.1,580,580,4.3
"213","Equatorial Guinea","2000",33.5,0.52,NA,NA,NA,8.4
"214","Equatorial Guinea","2010",33,0.58,NA,NA,NA,9.7
"215","Equatorial Guinea","2015",31.5,0.593,NA,43,43,10.7
"216","Equatorial Guinea","2016",31.3,0.592,NA,NA,NA,10.8
"217","Eritrea","2000",28.3,NA,NA,NA,NA,10.4
"218","Eritrea","2010",23.8,0.433,NA,NA,NA,7
"219","Eritrea","2015",22.8,0.433,NA,NA,NA,6.3
"220","Eritrea","2016",22.4,0.434,NA,NA,NA,6.1
"221","Estonia","2000",43.8,0.78,10.2,NA,NA,9.7
"222","Estonia","2010",26.6,0.844,5.3,255,255,4.5
"223","Estonia","2015",23.9,0.871,3.4,215,215,3.8
"224","Estonia","2016",25.6,0.875,2.5,204,204,4.4
"225","Eswatini (Kingdom of)","2000",26.1,0.468,12.1,NA,NA,8.9
"226","Eswatini (Kingdom of)","2010",24.4,0.513,17.3,NA,NA,8.1
"227","Eswatini (Kingdom of)","2015",25.1,0.585,8.5,274,274,9.4
"228","Eswatini (Kingdom of)","2016",25.4,0.596,8.6,NA,NA,9.6
"229","Ethiopia","2000",21,0.283,NA,NA,NA,6.6
"230","Ethiopia","2010",19.2,0.412,NA,119,119,5.4
"231","Ethiopia","2015",18.7,0.453,NA,NA,NA,4.8
"232","Ethiopia","2016",18.7,0.46,NA,NA,NA,4.7
"233","Fiji","2000",6.8,0.675,NA,NA,NA,3.1
"234","Fiji","2010",7.9,0.694,2.3,128,128,2.5
"235","Fiji","2015",8.9,0.718,NA,174,174,2.5
"236","Fiji","2016",8.8,0.718,NA,203,203,2.5
"237","Finland","2000",32.8,0.858,2.9,NA,NA,10.7
"238","Finland","2010",25.3,0.903,2.2,63,63,8
"239","Finland","2015",19,0.919,1.5,57,57,5.7
"240","Finland","2016",20.8,0.922,1.3,57,57,6.8
"241","France","2000",25.1,0.842,1.8,NA,NA,9.3
"242","France","2010",21.8,0.872,1.3,96,96,8.1
"243","France","2015",18.5,0.888,1.6,103,103,6.7
"244","France","2016",17.9,0.887,1.4,106,106,6.5
"245","Gabon","2000",14.1,0.627,NA,NA,NA,4.5
"246","Gabon","2010",14.7,0.658,NA,NA,NA,4.1
"247","Gabon","2015",15.5,0.692,NA,175,175,4.4
"248","Gabon","2016",15,0.696,NA,NA,NA,4.3
"249","Gambia","2000",14.6,0.382,NA,NA,NA,10.1
"250","Gambia","2010",12.7,0.437,NA,NA,NA,7.3
"251","Gambia","2015",12.9,0.454,NA,NA,NA,7.4
"252","Gambia","2016",12.8,0.456,NA,NA,NA,7.3
"253","Georgia","2000",9.8,0.669,5.1,NA,NA,1.8
"254","Georgia","2010",10.6,0.732,4.4,560,560,1.6
"255","Georgia","2015",12.2,0.771,NA,246,246,1.9
"256","Georgia","2016",12.3,0.776,1,237,237,1.9
"257","Germany","2000",18,0.869,1.2,NA,NA,5.4
"258","Germany","2010",15.3,0.92,1,88,88,4.6
"259","Germany","2015",13.9,0.933,0.8,77,77,4.9
"260","Germany","2016",13.6,0.936,1.2,79,79,4.8
"261","Ghana","2000",11.6,0.483,NA,NA,NA,2.9
"262","Ghana","2010",14.1,0.554,1.7,55,55,2.9
"263","Ghana","2015",15.6,0.585,1.9,52,52,2.9
"264","Ghana","2016",15.8,0.587,1.9,51,51,2.9
"265","Greece","2000",4.5,0.796,NA,NA,NA,1.2
"266","Greece","2010",4.6,0.857,1.5,108,108,0.6
"267","Greece","2015",5.8,0.868,0.8,86,86,1.5
"268","Greece","2016",6.1,0.866,0.8,85,85,1.5
"269","Grenada","2000",4.1,NA,14.8,NA,NA,1.5
"270","Grenada","2010",2.2,0.743,9.6,418,418,0
"271","Grenada","2015",1.5,0.756,5.6,470,470,0.6
"272","Grenada","2016",2.1,0.76,10.2,426,426,1
"273","Guatemala","2000",6.5,0.546,24.9,NA,NA,1.6
"274","Guatemala","2010",5.4,0.602,40.7,76,76,1.4
"275","Guatemala","2015",5,0.647,29.4,117,117,1.9
"276","Guatemala","2016",4.4,0.648,27.3,127,127,1.7
"277","Guinea","2000",12.3,0.335,NA,NA,NA,9.1
"278","Guinea","2010",13.7,0.408,NA,35,35,8.7
"279","Guinea","2015",12.9,0.449,NA,NA,NA,8.7
"280","Guinea","2016",12.7,0.456,NA,23,23,8.4
"281","Guinea-Bissau","2000",10.7,NA,NA,NA,NA,7.9
"282","Guinea-Bissau","2010",9.5,0.426,NA,NA,NA,6.4
"283","Guinea-Bissau","2015",8.8,0.453,2.7,NA,NA,6
"284","Guinea-Bissau","2016",8.9,0.457,3.5,11,11,6.1
"285","Guyana","2000",41.2,0.606,10.1,NA,NA,12.8
"286","Guyana","2010",44.9,0.639,18.8,289,289,14.1
"287","Guyana","2015",46.6,0.663,19.4,260,260,14.3
"288","Guyana","2016",46.6,0.666,18.4,284,284,14.2
"289","Haiti","2000",16.3,0.44,NA,NA,NA,4.8
"290","Haiti","2010",16.5,0.467,6.8,53,53,5.7
"291","Haiti","2015",18.5,0.492,10,103,103,6.4
"292","Haiti","2016",18.3,0.497,9.5,NA,NA,6.4
"293","Honduras","2000",5.1,0.555,48.7,NA,NA,1.7
"294","Honduras","2010",4.8,0.598,76.1,144,144,1.6
"295","Honduras","2015",5.1,0.613,57.5,180,180,1.6
"296","Honduras","2016",5.3,0.618,56.5,192,192,1.7
"297","Hong Kong, China (SAR)","2000",NA,0.827,0.6,NA,NA,NA
"298","Hong Kong, China (SAR)","2010",NA,0.901,0.5,145,145,NA
"299","Hong Kong, China (SAR)","2015",NA,0.927,0.3,117,117,NA
"300","Hong Kong, China (SAR)","2016",NA,0.931,0.4,118,118,NA
"301","Hungary","2000",43.9,0.769,2,NA,NA,10.6
"302","Hungary","2010",33.2,0.826,1.4,164,164,7.8
"303","Hungary","2015",24.3,0.835,2.3,178,178,6.6
"304","Hungary","2016",22.2,0.838,2.1,181,181,6.2
"305","Iceland","2000",25.4,0.861,1.8,NA,NA,6.4
"306","Iceland","2010",19,0.892,0.6,52,52,5.6
"307","Iceland","2015",20.9,0.927,0.9,44,44,4.8
"308","Iceland","2016",21.7,0.932,0.3,37,37,4.7
"309","India","2000",21.3,0.497,4.6,NA,NA,16.1
"310","India","2010",19.1,0.581,3.8,30,30,15.1
"311","India","2015",18.8,0.627,3.4,32,32,14.7
"312","India","2016",18.5,0.637,3.2,NA,NA,14.5
"313","Indonesia","2000",5.9,0.604,1,NA,NA,2.7
"314","Indonesia","2010",5.6,0.666,0.4,49,49,2.4
"315","Indonesia","2015",5.3,0.696,0.6,67,67,2.2
"316","Indonesia","2016",5.2,0.7,0.5,78,78,2.2
"317","Iran (Islamic Republic of)","2000",12.5,0.671,NA,NA,NA,8.8
"318","Iran (Islamic Republic of)","2010",7.9,0.756,NA,NA,NA,3.9
"319","Iran (Islamic Republic of)","2015",4.9,0.789,NA,NA,NA,3
"320","Iran (Islamic Republic of)","2016",4.9,0.799,NA,NA,NA,3.1
"321","Iraq","2000",5,0.608,NA,NA,NA,2.7
"322","Iraq","2010",4.7,0.652,8.7,95,95,2.9
"323","Iraq","2015",4.9,0.665,NA,145,145,3.4
"324","Iraq","2016",4.7,0.672,NA,NA,NA,3.4
"325","Ireland","2000",19.3,0.857,1,NA,NA,4.4
"326","Ireland","2010",17.6,0.89,1.2,93,93,5
"327","Ireland","2015",17.6,0.926,0.7,80,80,4.2
"328","Ireland","2016",17.6,0.936,0.8,78,78,4.2
"329","Israel","2000",12.1,0.853,2.4,NA,NA,3
"330","Israel","2010",12.1,0.887,2,272,272,2.5
"331","Israel","2015",7.7,0.901,1.4,NA,NA,2.1
"332","Israel","2016",8.2,0.902,NA,NA,NA,2.4
"333","Italy","2000",9,0.83,1.3,NA,NA,2.8
"334","Italy","2010",8.3,0.871,0.9,116,116,2.3
"335","Italy","2015",8.2,0.875,0.8,90,90,2.5
"336","Italy","2016",8.4,0.878,0.7,94,94,2.6
"337","Jamaica","2000",4.2,0.669,33.4,NA,NA,0.8
"338","Jamaica","2010",3.2,0.723,51.4,NA,NA,0.9
"339","Jamaica","2015",3.2,0.722,42.1,134,134,0.9
"340","Jamaica","2016",3.2,0.722,47,132,132,0.9
"341","Japan","2000",28,0.855,0.5,NA,NA,9.9
"342","Japan","2010",27.6,0.885,0.4,57,57,10.4
"343","Japan","2015",21.6,0.906,0.3,46,46,8.6
"344","Japan","2016",20.5,0.91,0.3,44,44,8.1
"345","Jordan","2000",5.8,0.702,NA,NA,NA,3.7
"346","Jordan","2010",4.7,0.728,1.6,117,117,2.7
"347","Jordan","2015",4.7,0.721,1.6,125,125,2.7
"348","Jordan","2016",4.7,0.722,1.4,NA,NA,2.7
"349","Kazakhstan","2000",63.1,0.685,15.4,NA,NA,10.4
"350","Kazakhstan","2010",56.1,0.764,8.5,336,336,10.7
"351","Kazakhstan","2015",44.2,0.806,4.8,237,237,8.5
"352","Kazakhstan","2016",40.1,0.808,NA,218,218,7.7
"353","Kenya","2000",13.2,0.446,NA,NA,NA,3.6
"354","Kenya","2010",9.5,0.533,4.7,116,116,2.3
"355","Kenya","2015",9.4,0.562,4.8,115,115,2.1
"356","Kenya","2016",9.7,0.568,4.9,100,100,2.1
"357","Kiribati","2000",25.6,0.564,3.6,NA,NA,6.5
"358","Kiribati","2010",25.8,0.589,3.9,88,88,5.8
"359","Kiribati","2015",26,0.619,NA,130,130,5.5
"360","Kiribati","2016",25.9,0.622,NA,113,113,5.4
"361","Korea (Democratic People's Rep. of)","2000",14.6,NA,NA,NA,NA,7.7
"362","Korea (Democratic People's Rep. of)","2010",16.3,NA,NA,NA,NA,9
"363","Korea (Democratic People's Rep. of)","2015",15.2,NA,NA,NA,NA,8.2
"364","Korea (Democratic People's Rep. of)","2016",14.8,NA,NA,NA,NA,8
"365","Korea (Republic of)","2000",20.8,0.817,0.8,NA,NA,8.5
"366","Korea (Republic of)","2010",39.3,0.882,1,92,92,18.7
"367","Korea (Republic of)","2015",31.4,0.899,0.7,108,108,12.5
"368","Korea (Republic of)","2016",29.6,0.901,0.7,114,114,11.6
"369","Kuwait","2000",1.8,0.786,NA,NA,NA,1.4
"370","Kuwait","2010",1.7,0.794,2,139,139,1.1
"371","Kuwait","2015",2.5,0.807,NA,102,102,1.7
"372","Kuwait","2016",2.5,0.809,NA,135,135,1.7
"373","Kyrgyzstan","2000",26.5,0.594,8.7,NA,NA,5.4
"374","Kyrgyzstan","2010",20,0.636,16.8,183,183,4.4
"375","Kyrgyzstan","2015",14.5,0.666,5.2,173,173,3.5
"376","Kyrgyzstan","2016",14.8,0.669,4.5,174,174,3.7
"377","Lao People's Democratic Republic","2000",16.8,0.466,NA,NA,NA,8.2
"378","Lao People's Democratic Republic","2010",13.5,0.546,NA,NA,NA,6.6
"379","Lao People's Democratic Republic","2015",12.8,0.594,NA,123,123,6.1
"380","Lao People's Democratic Republic","2016",12.9,0.598,NA,NA,NA,6.1
"381","Latvia","2000",54.3,0.728,10,NA,NA,9.5
"382","Latvia","2010",35.8,0.817,3.3,320,320,4.2
"383","Latvia","2015",30.9,0.842,3.4,221,221,5.3
"384","Latvia","2016",31,0.845,3.5,215,215,5.1
"385","Lebanon","2000",4.5,NA,NA,NA,NA,2.1
"386","Lebanon","2010",3.9,0.751,3.8,117,117,2.4
"387","Lebanon","2015",4.2,0.728,3.9,108,108,2.3
"388","Lebanon","2016",4.2,0.725,4,106,106,2.2
"389","Lesotho","2000",21.3,0.444,NA,NA,NA,30.2
"390","Lesotho","2010",22.2,0.461,37.4,122,122,31
"391","Lesotho","2015",22.5,0.499,41.2,NA,NA,32.1
"392","Lesotho","2016",22.7,0.507,NA,NA,NA,32.6
"393","Liberia","2000",12.9,0.422,NA,NA,NA,9.5
"394","Liberia","2010",13.5,0.441,3.3,NA,NA,12.7
"395","Liberia","2015",13.2,0.463,NA,47,47,12.6
"396","Liberia","2016",13.8,0.463,NA,NA,NA,13
"397","Libya","2000",9.1,0.728,NA,NA,NA,3
"398","Libya","2010",9.1,0.757,NA,215,215,2.4
"399","Libya","2015",7.1,0.691,NA,NA,NA,2.1
"400","Libya","2016",8.7,0.69,NA,NA,NA,2.3
"401","Liechtenstein","2000",NA,0.862,0,NA,NA,NA
"402","Liechtenstein","2010",NA,0.904,2.8,211,211,NA
"403","Liechtenstein","2015",NA,0.912,0,142,142,NA
"404","Liechtenstein","2016",NA,0.915,0,191,191,NA
"405","Lithuania","2000",81.7,0.755,10.6,NA,NA,15.6
"406","Lithuania","2010",56.4,0.824,7,293,293,9.5
"407","Lithuania","2015",51.5,0.855,5.9,251,251,8.9
"408","Lithuania","2016",47.5,0.86,5.2,234,234,6.7
"409","Luxembourg","2000",20.6,0.86,0.9,NA,NA,8.2
"410","Luxembourg","2010",15.3,0.893,2,134,134,5.2
"411","Luxembourg","2015",17.4,0.899,0.9,122,122,5.7
"412","Luxembourg","2016",15,0.904,0.9,126,126,5.8
"413","Madagascar","2000",12.1,0.456,NA,NA,NA,5
"414","Madagascar","2010",11.4,0.504,NA,87,87,4.2
"415","Madagascar","2015",10.6,0.514,NA,85,85,3.7
"416","Madagascar","2016",10.5,0.515,NA,88,88,3.6
"417","Malawi","2000",20.3,0.362,6.2,NA,NA,4.7
"418","Malawi","2010",14.2,0.437,3.4,77,77,3.2
"419","Malawi","2015",13.3,0.475,NA,69,69,3.2
"420","Malawi","2016",13.7,0.478,NA,77,77,3.2
"421","Malaysia","2000",10.4,0.724,2.4,NA,NA,4.4
"422","Malaysia","2010",9,0.773,1.9,137,137,3.6
"423","Malaysia","2015",8.7,0.797,NA,166,166,3.6
"424","Malaysia","2016",8.7,0.801,NA,166,166,3.6
"425","Maldives","2000",7.7,0.61,NA,NA,NA,5.1
"426","Maldives","2010",4.7,0.669,1.6,228,228,2.4
"427","Maldives","2015",4,0.709,NA,362,362,1.8
"428","Maldives","2016",3.6,0.713,NA,441,441,1.6
"429","Mali","2000",13.5,0.308,NA,NA,NA,5
"430","Mali","2010",13.2,0.403,NA,NA,NA,4.6
"431","Mali","2015",13.5,0.412,NA,NA,NA,4.8
"432","Mali","2016",13.5,0.42,NA,NA,NA,4.7
"433","Malta","2000",8.9,0.787,1,NA,NA,2.4
"434","Malta","2010",12.2,0.847,1,140,140,1.6
"435","Malta","2015",10.8,0.877,0.9,132,132,3.2
"436","Malta","2016",10.3,0.881,NA,130,130,2.8
"437","Marshall Islands","2000",NA,NA,NA,NA,NA,NA
"438","Marshall Islands","2010",NA,NA,NA,NA,NA,NA
"439","Marshall Islands","2015",NA,NA,NA,NA,NA,NA
"440","Marshall Islands","2016",NA,NA,NA,NA,NA,NA
"441","Mauritania","2000",9.9,0.446,NA,NA,NA,3
"442","Mauritania","2010",11.1,0.49,NA,47,47,3.2
"443","Mauritania","2015",11.9,0.521,NA,NA,NA,3.5
"444","Mauritania","2016",12.1,0.519,NA,45,45,3.6
"445","Mauritius","2000",17.3,0.674,2.2,NA,NA,4.5
"446","Mauritius","2010",12.2,0.748,2.6,196,196,3.5
"447","Mauritius","2015",12.1,0.786,1.7,165,165,4.3
"448","Mauritius","2016",12.5,0.79,1.8,177,177,2.2
"449","Mexico","2000",6.9,0.705,10.6,NA,NA,1.2
"450","Mexico","2010",7.9,0.739,22,160,160,1.9
"451","Mexico","2015",9,0.759,16.5,176,176,2.4
"452","Mexico","2016",8.2,0.764,19.3,149,149,2.3
"453","Micronesia (Federated States of)","2000",17,0.541,NA,NA,NA,8.3
"454","Micronesia (Federated States of)","2010",16.5,0.595,NA,NA,NA,6.8
"455","Micronesia (Federated States of)","2015",16.7,0.606,NA,NA,NA,6.4
"456","Micronesia (Federated States of)","2016",16.2,0.608,NA,NA,NA,6.2
"457","Moldova (Republic of)","2000",29.2,0.609,10.3,NA,NA,4.1
"458","Moldova (Republic of)","2010",32.5,0.681,6.5,155,155,5.1
"459","Moldova (Republic of)","2015",24.9,0.703,NA,192,192,4.5
"460","Moldova (Republic of)","2016",24.1,0.705,NA,199,199,3.8
"461","Mongolia","2000",31.5,0.589,NA,NA,NA,8.2
"462","Mongolia","2010",28,0.697,8.8,274,274,4.8
"463","Mongolia","2015",23.4,0.736,6.2,184,184,3.9
"464","Mongolia","2016",23.3,0.73,5.7,188,188,3.8
"465","Montenegro","2000",13.6,NA,NA,NA,NA,5.6
"466","Montenegro","2010",12.9,0.793,2.4,233,233,4.1
"467","Montenegro","2015",12.3,0.807,2.7,180,180,3.5
"468","Montenegro","2016",12.6,0.809,4.5,179,179,3.6
"469","Morocco","2000",6.7,0.531,1.6,NA,NA,9.5
"470","Morocco","2010",3,0.618,1.4,200,200,5
"471","Morocco","2015",2.5,0.66,1.2,213,213,3.7
"472","Morocco","2016",2.5,0.669,1.7,223,223,3.6
"473","Mozambique","2000",22.9,0.301,NA,NA,NA,7.3
"474","Mozambique","2010",15.5,0.396,3.6,63,63,4.9
"475","Mozambique","2015",14,0.428,NA,57,57,4.2
"476","Mozambique","2016",14,0.435,NA,NA,NA,4.1
"477","Myanmar","2000",4.8,0.424,2.3,NA,NA,10.7
"478","Myanmar","2010",6.2,0.523,1.6,NA,NA,9.4
"479","Myanmar","2015",6.3,0.565,2.2,NA,NA,9.6
"480","Myanmar","2016",6.3,0.571,2.3,151,151,9.8
"481","Namibia","2000",24.3,0.543,20,NA,NA,5.9
"482","Namibia","2010",22.7,0.588,14.4,196,196,5.7
"483","Namibia","2015",19.8,0.637,NA,147,147,5.1
"484","Namibia","2016",19.4,0.639,NA,298,298,4.9
"485","Nepal","2000",20.9,0.446,2.7,NA,NA,15.5
"486","Nepal","2010",13.5,0.527,3,40,40,11
"487","Nepal","2015",11.9,0.568,NA,NA,NA,8.5
"488","Nepal","2016",11.4,0.572,2.2,62,62,8
"489","Netherlands","2000",11.4,0.876,1.1,NA,NA,5.3
"490","Netherlands","2010",11.6,0.911,0.9,86,86,4.8
"491","Netherlands","2015",12.9,0.927,0.6,64,64,6.4
"492","Netherlands","2016",12.9,0.929,0.6,62,62,6.4
"493","New Zealand","2000",21.3,0.87,1.3,NA,NA,4.5
"494","New Zealand","2010",17.7,0.899,1,193,193,6.9
"495","New Zealand","2015",17.3,0.914,1,198,198,6.2
"496","New Zealand","2016",17.3,0.917,1.1,213,213,6.2
"497","Nicaragua","2000",29.4,0.568,9.5,NA,NA,8
"498","Nicaragua","2010",19.8,0.614,13.7,118,118,5.5
"499","Nicaragua","2015",19.3,0.644,8.6,NA,NA,5.1
"500","Nicaragua","2016",19.2,0.649,7.4,NA,NA,5
"501","Niger","2000",10.7,0.253,NA,NA,NA,7
"502","Niger","2010",11.7,0.319,NA,32,32,7.2
"503","Niger","2015",11.6,0.36,NA,43,43,6.7
"504","Niger","2016",11.5,0.365,NA,NA,NA,6.7
"505","Nigeria","2000",16,NA,NA,NA,NA,20.6
"506","Nigeria","2010",16.1,0.484,NA,30,30,20.1
"507","Nigeria","2015",17.2,0.527,NA,NA,NA,17.6
"508","Nigeria","2016",17.5,0.528,NA,34,34,17.1
"509","North Macedonia","2000",10.3,0.669,2.3,NA,NA,4.1
"510","North Macedonia","2010",7.2,0.735,2.1,122,122,2.6
"511","North Macedonia","2015",9.7,0.753,1.2,165,165,3
"512","North Macedonia","2016",9.7,0.757,0.9,155,155,3
"513","Norway","2000",18.1,0.917,1.1,NA,NA,6
"514","Norway","2010",14.7,0.942,0.6,73,73,6.5
"515","Norway","2015",13.3,0.948,0.5,78,78,7
"516","Norway","2016",13.6,0.951,0.5,73,73,6.5
"517","Oman","2000",7.1,0.704,NA,NA,NA,1.6
"518","Oman","2010",5.1,0.793,NA,NA,NA,1
"519","Oman","2015",5,0.827,0.4,NA,NA,1
"520","Oman","2016",4.8,0.834,0.4,NA,NA,0.9
"521","Pakistan","2000",3.6,0.449,6.4,NA,NA,4.4
"522","Pakistan","2010",3.2,0.524,7.7,44,44,3.5
"523","Pakistan","2015",3.1,0.55,5,42,42,3.2
"524","Pakistan","2016",3,0.556,4.4,44,44,3.1
"525","Palau","2000",NA,0.736,NA,NA,NA,NA
"526","Palau","2010",NA,0.776,NA,NA,NA,NA
"527","Palau","2015",NA,0.803,NA,338,338,NA
"528","Palau","2016",NA,0.808,NA,NA,NA,NA
"529","Palestine, State of","2000",NA,NA,NA,NA,NA,NA
"530","Palestine, State of","2010",NA,0.671,0.8,308,308,NA
"531","Palestine, State of","2015",NA,0.685,1,206,206,NA
"532","Palestine, State of","2016",NA,0.687,0.7,170,170,NA
"533","Panama","2000",11.7,0.719,9.9,NA,NA,1.6
"534","Panama","2010",9.1,0.758,12.6,344,344,1.5
"535","Panama","2015",6.7,0.782,11.9,424,424,1.4
"536","Panama","2016",7.6,0.789,10,411,411,1.2
"537","Papua New Guinea","2000",11.8,0.436,8.3,NA,NA,5
"538","Papua New Guinea","2010",9.1,0.51,10,60,60,3.7
"539","Papua New Guinea","2015",10.1,0.539,NA,61,61,3.8
"540","Papua New Guinea","2016",10.2,0.541,NA,61,61,3.8
"541","Paraguay","2000",15.6,0.64,18.8,NA,NA,6.4
"542","Paraguay","2010",12.6,0.692,11.9,100,100,6
"543","Paraguay","2015",12.9,0.718,9.3,194,194,6.3
"544","Paraguay","2016",12.3,0.718,8.9,198,198,6.2
"545","Peru","2000",8.8,0.679,NA,NA,NA,3.3
"546","Peru","2010",7.5,0.721,NA,155,155,2.5
"547","Peru","2015",7.6,0.75,7.2,246,246,2.7
"548","Peru","2016",7.6,0.755,7.7,258,258,2.7
"549","Philippines","2000",4.5,0.631,7.4,NA,NA,1.8
"550","Philippines","2010",5.7,0.672,9.2,102,102,2.3
"551","Philippines","2015",5.4,0.702,9.5,137,137,2.3
"552","Philippines","2016",5.2,0.704,11,165,165,2.3
"553","Poland","2000",26.6,0.785,2.2,NA,NA,4.7
"554","Poland","2010",28,0.835,1,215,215,3.7
"555","Poland","2015",23.5,0.858,0.8,190,190,3.3
"556","Poland","2016",23.9,0.864,0.7,189,189,3.4
"557","Portugal","2000",9.2,0.785,1.1,NA,NA,2.1
"558","Portugal","2010",14.4,0.822,1.2,111,111,4.2
"559","Portugal","2015",14.3,0.843,1,138,138,3.8
"560","Portugal","2016",14.3,0.846,0.6,134,134,3.8
"561","Qatar","2000",4.9,0.816,0.2,NA,NA,1.4
"562","Qatar","2010",6.5,0.834,0.2,NA,NA,1.1
"563","Qatar","2015",7.1,0.851,NA,NA,NA,1.1
"564","Qatar","2016",7.3,0.847,NA,NA,NA,1.1
"565","Romania","2000",19.9,0.709,2.6,NA,NA,3.8
"566","Romania","2010",19.8,0.797,2,138,138,3.7
"567","Romania","2015",16.2,0.806,1.5,143,143,2.5
"568","Romania","2016",13.9,0.808,1.2,139,139,2.4
"569","Russian Federation","2000",85.8,0.721,28.1,NA,NA,13.7
"570","Russian Federation","2010",62.3,0.78,NA,571,571,10.2
"571","Russian Federation","2015",49.9,0.813,11.6,449,449,7.9
"572","Russian Federation","2016",48.3,0.817,11,438,438,7.5
"573","Rwanda","2000",30.5,0.337,NA,NA,NA,19.4
"574","Rwanda","2010",18.7,0.488,2.8,537,537,7.2
"575","Rwanda","2015",17.2,0.515,2.5,467,467,6.2
"576","Rwanda","2016",16.9,0.525,NA,NA,NA,6
"577","Saint Kitts and Nevis","2000",NA,NA,6.6,NA,NA,NA
"578","Saint Kitts and Nevis","2010",NA,0.747,40.8,548,548,NA
"579","Saint Kitts and Nevis","2015",NA,0.769,NA,NA,NA,NA
"580","Saint Kitts and Nevis","2016",NA,0.772,NA,401,401,NA
"581","Saint Lucia","2000",13,0.694,14.7,NA,NA,2.4
"582","Saint Lucia","2010",11,0.73,25.5,305,305,1.6
"583","Saint Lucia","2015",12.9,0.736,15.8,NA,NA,2.1
"584","Saint Lucia","2016",12.7,0.744,16.9,314,314,2.1
"585","Saint Vincent and the Grenadines","2000",13.6,0.674,18.5,NA,NA,0.9
"586","Saint Vincent and the Grenadines","2010",5.7,0.711,22.9,950,950,0.6
"587","Saint Vincent and the Grenadines","2015",4.3,0.721,NA,NA,NA,1.1
"588","Saint Vincent and the Grenadines","2016",3.9,0.725,36.5,419,419,0.9
"589","Samoa","2000",16.7,0.638,NA,NA,NA,4.6
"590","Samoa","2010",10.3,0.69,8.6,NA,NA,2.6
"591","Samoa","2015",8.9,0.699,NA,259,259,2.2
"592","Samoa","2016",8.7,0.704,NA,NA,NA,2.2
"593","Sao Tome and Principe","2000",3.8,0.48,NA,NA,NA,1.7
"594","Sao Tome and Principe","2010",3.9,0.546,3.4,175,175,1.9
"595","Sao Tome and Principe","2015",4.2,0.59,NA,91,91,2.1
"596","Sao Tome and Principe","2016",4.2,0.593,NA,NA,NA,2.1
"597","Saudi Arabia","2000",5,0.744,0.8,NA,NA,1.4
"598","Saudi Arabia","2010",5.4,0.81,NA,NA,NA,1.7
"599","Saudi Arabia","2015",4.6,0.857,1.5,NA,NA,1.7
"600","Saudi Arabia","2016",4.6,0.857,NA,NA,NA,1.7
"601","Senegal","2000",22.6,0.39,NA,NA,NA,6.8
"602","Senegal","2010",21.9,0.468,NA,229,229,6.2
"603","Senegal","2015",20.8,0.504,NA,NA,NA,5.4
"604","Senegal","2016",20.3,0.506,NA,62,62,5.2
"605","Serbia","2000",25.8,0.71,2.4,NA,NA,9.1
"606","Serbia","2010",18.3,0.762,1.4,124,124,5.2
"607","Serbia","2015",16.8,0.785,1.2,114,114,5.2
"608","Serbia","2016",17.3,0.791,1.4,121,121,5.2
"609","Seychelles","2000",16.7,0.712,NA,NA,NA,2.5
"610","Seychelles","2010",15.6,0.762,9.8,473,473,2.2
"611","Seychelles","2015",15.1,0.801,7.5,NA,NA,2.1
"612","Seychelles","2016",15,0.801,12.7,NA,NA,2.1
"613","Sierra Leone","2000",21.9,0.298,NA,NA,NA,16.6
"614","Sierra Leone","2010",17.7,0.391,2.5,35,35,14.3
"615","Sierra Leone","2015",17.4,0.422,1.7,48,48,13.9
"616","Sierra Leone","2016",18.2,0.423,NA,45,45,14.2
"617","Singapore","2000",15.5,0.818,1,NA,NA,8.1
"618","Singapore","2010",11.1,0.909,0.4,268,268,6
"619","Singapore","2015",10.2,0.929,0.3,228,228,5.2
"620","Singapore","2016",11.1,0.933,0.3,222,222,4.9
"621","Slovakia","2000",22.2,0.763,2.4,NA,NA,4.4
"622","Slovakia","2010",20.6,0.829,1.5,186,186,3.1
"623","Slovakia","2015",18.4,0.849,0.8,182,182,2.6
"624","Slovakia","2016",18.4,0.851,1,184,184,2.6
"625","Slovenia","2000",40.5,0.824,1.8,NA,NA,13.2
"626","Slovenia","2010",26.5,0.881,0.7,66,66,5.1
"627","Slovenia","2015",24.3,0.886,1,67,67,5.8
"628","Slovenia","2016",22.4,0.892,0.5,63,63,4.5
"629","Solomon Islands","2000",16.9,0.476,NA,NA,NA,8.4
"630","Solomon Islands","2010",10,0.524,NA,51,51,4.2
"631","Solomon Islands","2015",8.8,0.555,NA,46,46,3.4
"632","Solomon Islands","2016",8.5,0.553,NA,73,73,3.2
"633","Somalia","2000",11,NA,NA,NA,NA,5.6
"634","Somalia","2010",10.3,NA,NA,NA,NA,5.2
"635","Somalia","2015",11.4,NA,NA,NA,NA,5.4
"636","Somalia","2016",11.5,NA,NA,NA,NA,5.4
"637","South Africa","2000",22.7,0.629,47.6,NA,NA,7.1
"638","South Africa","2010",22.9,0.662,30.8,317,317,6.1
"639","South Africa","2015",22.1,0.699,33.8,289,289,5.3
"640","South Africa","2016",21.7,0.702,34,NA,NA,5.1
"641","South Sudan","2000",11,NA,NA,NA,NA,5.3
"642","South Sudan","2010",9.1,0.425,NA,NA,NA,4.5
"643","South Sudan","2015",8.2,0.428,NA,55,55,4
"644","South Sudan","2016",8.3,0.418,NA,NA,NA,4.1
"645","Spain","2000",10.4,0.825,1.4,NA,NA,3
"646","Spain","2010",8.1,0.865,0.9,158,158,2.2
"647","Spain","2015",8.7,0.885,0.7,133,133,3
"648","Spain","2016",9.3,0.888,0.6,128,128,3.1
"649","Sri Lanka","2000",47.8,0.687,NA,NA,NA,13.5
"650","Sri Lanka","2010",31.2,0.75,3.8,129,129,8.4
"651","Sri Lanka","2015",24,0.772,2.4,92,92,6.1
"652","Sri Lanka","2016",23.3,0.774,2.5,84,84,6.2
"653","Sudan","2000",14.6,0.403,NA,NA,NA,4.4
"654","Sudan","2010",14.6,0.471,NA,NA,NA,4.6
"655","Sudan","2015",14.5,0.501,NA,NA,NA,4.5
"656","Sudan","2016",14.5,0.505,NA,NA,NA,4.6
"657","Suriname","2000",41.5,NA,14.4,NA,NA,11.6
"658","Suriname","2010",43.7,0.701,NA,NA,NA,13.3
"659","Suriname","2015",38,0.73,6.1,NA,NA,11.4
"660","Suriname","2016",36.1,0.726,7.3,NA,NA,10.9
"661","Sweden","2000",16.8,0.897,1.1,NA,NA,7.7
"662","Sweden","2010",17.1,0.906,1,73,73,6.8
"663","Sweden","2015",16.9,0.932,1.1,58,58,7.7
"664","Sweden","2016",15.8,0.934,1.1,58,58,7.4
"665","Switzerland","2000",24.7,0.889,1,NA,NA,9.4
"666","Switzerland","2010",15.9,0.932,0.7,74,74,7
"667","Switzerland","2015",16.1,0.943,0.7,78,78,6.9
"668","Switzerland","2016",15.8,0.943,0.5,78,78,6.9
"669","Syrian Arab Republic","2000",2.9,0.59,2.2,NA,NA,0.8
"670","Syrian Arab Republic","2010",3.7,0.644,2.2,NA,NA,1.1
"671","Syrian Arab Republic","2015",3.8,0.54,NA,NA,NA,1.1
"672","Syrian Arab Republic","2016",3.8,0.539,NA,NA,NA,1.1
"673","Tajikistan","2000",6.3,0.538,4.6,NA,NA,2.2
"674","Tajikistan","2010",5,0.63,2.4,122,122,1.8
"675","Tajikistan","2015",5,0.642,NA,NA,NA,1.8
"676","Tajikistan","2016",5,0.647,NA,NA,NA,1.7
"677","Tanzania (United Republic of)","2000",18.2,0.395,NA,NA,NA,6.4
"678","Tanzania (United Republic of)","2010",13.8,0.487,8.4,NA,NA,5.2
"679","Tanzania (United Republic of)","2015",14.2,0.519,7,64,64,5.3
"680","Tanzania (United Republic of)","2016",14.3,0.518,6.2,NA,NA,5.4
"681","Thailand","2000",23.7,0.649,8.2,NA,NA,8.3
"682","Thailand","2010",21,0.721,5.4,314,314,5.5
"683","Thailand","2015",21.7,0.746,3.5,471,471,4.9
"684","Thailand","2016",21.4,0.753,3.2,473,473,4.8
"685","Timor-Leste","2000",18.7,0.505,NA,NA,NA,8.3
"686","Timor-Leste","2010",10.5,0.62,3.5,NA,NA,4.7
"687","Timor-Leste","2015",9,0.628,3.9,47,47,3.8
"688","Timor-Leste","2016",9,0.628,NA,NA,NA,3.7
"689","Togo","2000",23.2,0.426,NA,NA,NA,11.8
"690","Togo","2010",23,0.468,NA,63,63,11.2
"691","Togo","2015",22.3,0.502,NA,60,60,10.7
"692","Togo","2016",22.7,0.506,NA,59,59,10.9
"693","Tonga","2000",5.1,0.666,1,NA,NA,3.9
"694","Tonga","2010",5.5,0.692,1,153,153,3.1
"695","Tonga","2015",5.2,0.714,NA,NA,NA,2.9
"696","Tonga","2016",5.2,0.715,NA,NA,NA,2.9
"697","Trinidad and Tobago","2000",24,0.721,9.5,NA,NA,6.4
"698","Trinidad and Tobago","2010",22.1,0.788,35.6,278,278,5.4
"699","Trinidad and Tobago","2015",21.7,0.796,30.9,548,548,4.4
"700","Trinidad and Tobago","2016",21.9,0.796,NA,NA,NA,4.3
"701","Tunisia","2000",5.4,0.653,NA,NA,NA,2.3
"702","Tunisia","2010",5,0.717,2.7,NA,NA,2.3
"703","Tunisia","2015",4.4,0.731,NA,209,209,2.2
"704","Tunisia","2016",4.4,0.736,NA,NA,NA,2.2
"705","Turkey","2000",12,0.655,NA,NA,NA,2.9
"706","Turkey","2010",12.8,0.743,4.2,166,166,3.8
"707","Turkey","2015",11.3,0.8,NA,228,228,3.3
"708","Turkey","2016",11.3,0.8,NA,253,253,3.2
"709","Turkmenistan","2000",16.4,NA,5.9,NA,NA,4
"710","Turkmenistan","2010",12.2,0.673,NA,521,521,3.6
"711","Turkmenistan","2015",11.6,0.701,NA,NA,NA,3.8
"712","Turkmenistan","2016",11,0.706,NA,NA,NA,3.7
"713","Uganda","2000",21.2,0.395,NA,NA,NA,23.9
"714","Uganda","2010",21.2,0.489,9.3,92,92,22
"715","Uganda","2015",21.1,0.515,NA,112,112,19.2
"716","Uganda","2016",21.2,0.52,10.8,123,123,18.7
"717","Ukraine","2000",58.1,0.671,9,NA,NA,9.5
"718","Ukraine","2010",41.5,0.732,4.3,336,336,6.4
"719","Ukraine","2015",35.2,0.742,NA,NA,NA,5.1
"720","Ukraine","2016",34.5,0.746,NA,137,137,4.7
"721","United Arab Emirates","2000",4.3,0.782,NA,NA,NA,1.5
"722","United Arab Emirates","2010",3.6,0.821,0.8,NA,NA,0.9
"723","United Arab Emirates","2015",3.5,0.86,0.7,NA,NA,0.8
"724","United Arab Emirates","2016",3.5,0.863,0.7,NA,NA,0.8
"725","United Kingdom","2000",12.7,0.867,1.6,NA,NA,3.8
"726","United Kingdom","2010",10.6,0.905,1.2,149,149,3.2
"727","United Kingdom","2015",11.6,0.916,1,144,144,3.7
"728","United Kingdom","2016",11.9,0.918,1.2,141,141,3.5
"729","United States","2000",16.5,0.881,5.5,NA,NA,4.1
"730","United States","2010",18.6,0.911,4.8,738,738,5.2
"731","United States","2015",20.5,0.917,5,679,679,6.3
"732","United States","2016",21.1,0.919,5.4,671,671,6.4
"733","Uruguay","2000",28,0.742,6.4,NA,NA,5.5
"734","Uruguay","2010",24.3,0.774,6.1,258,258,6.7
"735","Uruguay","2015",28.9,0.802,8.5,291,291,7
"736","Uruguay","2016",26.8,0.806,7.8,307,307,7.1
"737","Uzbekistan","2000",13.9,0.596,4.3,NA,NA,4.5
"738","Uzbekistan","2010",8.9,0.665,NA,NA,NA,3.3
"739","Uzbekistan","2015",10.4,0.696,1.6,NA,NA,4.5
"740","Uzbekistan","2016",10.3,0.701,1.4,NA,NA,4.6
"741","Vanuatu","2000",12.3,NA,NA,NA,NA,5.1
"742","Vanuatu","2010",9.1,0.585,NA,79,79,3.2
"743","Vanuatu","2015",8.3,0.592,NA,87,87,2.7
"744","Vanuatu","2016",8.1,0.592,NA,71,71,2.7
"745","Venezuela (Bolivarian Republic of)","2000",16.1,0.672,32.8,NA,NA,2.4
"746","Venezuela (Bolivarian Republic of)","2010",7.7,0.753,45.1,141,141,1.5
"747","Venezuela (Bolivarian Republic of)","2015",6.8,0.763,NA,159,159,1.2
"748","Venezuela (Bolivarian Republic of)","2016",6.6,0.752,56.3,173,173,1.2
"749","Viet Nam","2000",11.5,0.578,NA,NA,NA,3.9
"750","Viet Nam","2010",11,0.653,1.5,NA,NA,3.5
"751","Viet Nam","2015",10.9,0.68,NA,146,146,3.5
"752","Viet Nam","2016",10.8,0.685,NA,138,138,3.4
"753","Yemen","2000",12.8,0.432,3.9,NA,NA,5.5
"754","Yemen","2010",14.6,0.499,4.7,53,53,6.6
"755","Yemen","2015",13.6,0.493,NA,NA,NA,6.3
"756","Yemen","2016",13.4,0.477,NA,NA,NA,6.2
"757","Zambia","2000",21.9,0.428,7.6,NA,NA,7.5
"758","Zambia","2010",17.9,0.531,5.9,120,120,6.2
"759","Zambia","2015",17.4,0.57,5.3,115,115,6.1
"760","Zambia","2016",17.5,0.58,NA,114,114,6.2
"761","Zimbabwe","2000",35.5,0.452,NA,NA,NA,9.8
"762","Zimbabwe","2010",32.3,0.472,5,95,95,11.1
"763","Zimbabwe","2015",28.7,0.544,NA,120,120,11.1
"764","Zimbabwe","2016",29.1,0.549,NA,NA,NA,11.1
